material_deviation_avg,equipment_idle_ratio,days_elapsed_pct,budget_size,project_type_encoded,overrun_binary
0.20940854754202187,0.37651046538023336,0.5983001739636474,273.47753795941856,1,0
0.09511242578918676,0.33888090666962906,0.5185119913960616,78.52387262283389,0,1
0.23658393685812462,0.3348569220323233,0.2634684068666979,13.131441633357612,0,1
0.3941453741534445,0.4399464109094162,0.49434582393665727,28.068693556237523,0,1
0.07785239254979953,0.497787642697174,0.30894579896918845,64.24633953625059,0,0
0.0778553477491475,0.20598588339659363,0.8776158273739064,31.45831678043618,0,0
0.40425830679133046,0.40813906184891696,0.3850957914718949,169.80988011259245,2,0
0.25813825124752354,0.47038898695571607,0.9094244123533664,125.82075424925455,0,1
0.03549461053170862,0.25819314871414745,0.5530969965805045,120.01644257025917,0,1
0.21766080784547365,0.4151180170619966,0.6368127218747363,11.206819218632893,0,1
0.03658481529375679,0.11089240746779236,0.5614993778159286,59.123783327767164,2,1
0.03616864435735376,0.21249843868649865,0.20997352442169576,51.51674186058932,1,0
0.16355320888188613,0.4317672500483007,0.41944803615674986,41.96166388076715,0,1
-0.05,0.5679516155155995,0.18427419543598034,64.5770945942962,2,0
-0.05,0.3452815585748965,0.6295109375558744,36.56199943863643,0,0
0.01878824473662491,0.3126495285539732,0.47984306592037307,106.93023220854286,0,1
-0.05,0.17530996188866108,0.7612872258352963,166.20817741548925,0,0
0.1765645198671493,0.7777261837075549,0.28739990884946437,155.1367507316344,0,1
-0.04344433359381797,0.31965237212640535,0.23988114966493468,80.61389253607832,0,0
-0.05,0.06039203154803854,0.4453823963192026,445.586662702585,1,1
0.3838167784058797,0.21767561927151582,0.8875975757356239,224.07483740159986,0,1
0.07936026591242358,0.4233910425225104,0.7038585427605499,82.99276514436337,1,1
0.1321550768438263,0.08575359616064851,0.4560850810739808,61.20214462759114,0,0
-0.05,0.24114210026316804,0.539681344291164,262.54479897321096,0,0
0.02201110958546712,0.10682136950093098,0.1715810595005336,201.55545334097945,0,0
0.1399660661477759,0.39399743206671656,0.936889511919696,29.12678614698687,2,1
-0.05,0.25572263337086576,0.6664462089906811,214.57451243867126,0,0
0.18762564330222095,0.3840811292272226,0.3425934581939091,79.55918198698868,1,1
0.0118850358146151,0.36614580595245383,0.5979371350829576,45.20785141048903,0,1
0.06749512503721017,0.5816434885743039,0.19306001115864488,18.479006660057888,0,1
0.011692809798708556,0.5621775612709531,0.9209611684864459,72.59289443478268,0,0
0.45341007321160876,0.08844444030069641,0.24856723970086106,89.14087039445506,0,1
0.11757049954717189,0.3446235300029249,0.650825770346932,320.4935410053321,0,0
-0.05,0.6095654722173228,0.3086362931580909,193.59861989953203,0,1
0.268058084178574,0.3141309765261968,0.7099271752512554,56.46893268272529,1,1
-0.05,0.6479463612947148,0.7602981621542388,122.91264691365208,0,1
0.15759544710085596,0.22650191954925245,0.6724067695747177,174.33862665161809,1,0
-0.05,0.4532267059451018,0.6223245412169136,96.42503917936395,0,0
-0.05,0.5996218506997747,0.8585987298592099,56.27647926309248,1,1
0.15543502245644222,0.13623186235398355,0.16683270434129432,58.80706701456768,1,0
0.25292398439917385,0.2361379497655822,0.38127755091316595,122.53276411244428,0,1
0.1508462906141947,0.6046614565204121,0.3110443576862191,125.25910756610946,0,1
0.0991833091701167,0.2920487185984639,0.9398118677556083,71.21021714775837,1,1
0.06580133479392802,0.4004222737895427,0.4309813127168425,11.07486621509744,2,1
-0.05,0.45077109441955576,0.7227207943543389,32.05912384376937,0,0
-0.009571957511047557,0.18480186641013244,0.6820163892988539,147.78390970893275,0,0
0.03708502122723825,0.41019293380539773,0.28026905185577106,16.36802279910176,2,1
0.3102820007194048,0.34973434990572005,0.3031480281798186,232.14096922210933,0,1
0.18185129212232304,0.17561919698936396,0.339091879020079,206.216339384358,1,0
-0.05,0.2052622268743936,0.4494581865204723,93.02582153660114,0,0
0.1783351144910631,0.6085560017364287,0.29917630580294774,145.2337956012541,0,1
0.050685189525063026,0.14165877053537307,0.11670376033482063,137.41695110785068,1,0
-0.0018459600550725652,0.43593946275941003,0.8474840982861161,81.98214644738339,1,1
0.2301017319913562,0.3082365330185971,0.9207683566737515,29.99074115707323,0,1
0.30557991404927115,0.45500639880107346,0.3903348289768328,195.15973557822932,0,1
0.2876304214409157,0.42754908476185066,0.3877308475116519,277.48975375708403,1,1
-0.031059154180074933,0.2781861683282088,0.10602804085821535,34.23086014443866,1,1
0.06434177234678137,0.18524055235766115,0.6782130850808179,29.107503578336747,0,0
0.1796274176526415,0.5553171992560851,0.8016239113863344,80.68579005531649,1,0
0.29559812288202464,0.5031820579410835,0.22461705530600268,54.54468770028494,1,1
0.033748637187847805,0.32184672035858475,0.23571639696207813,101.08476195501939,1,0
0.08658138420051292,0.2940375021670958,0.7715707624757221,236.6057447991385,1,0
-0.05,0.12544938510343312,0.6238471361010229,14.931359256686354,0,1
-0.05,0.44440125056011115,0.13813147398355946,318.9446450681703,1,1
0.26625464803095567,0.5757688148776429,0.6291649418929394,65.01807099072371,1,1
0.3641232051427481,0.12381086556612016,0.36258006441720114,135.56119783806238,0,0
0.10703817811553991,0.14174247492062755,0.41341638215021903,147.67009096443644,0,0
0.30063592162056435,0.18727519902269188,0.7542717055523481,162.10964436424294,0,1
0.18509448450857413,0.19126728643193613,0.789294913771719,94.58760888951029,1,0
0.003878444171077633,0.2750086185191396,0.440303132813856,114.02850732971734,0,0
0.1850512089915145,0.2594732652222252,0.9050799956054015,113.43359963490866,1,0
0.39684658196387446,0.11601733753096195,0.4454933102592614,54.36789201911132,2,1
0.11355131296020872,0.5878548997680135,0.7560606299455934,22.055364203691678,1,1
0.4016358580465211,0.14184427607987107,0.5112956748796202,33.94193728198862,2,1
-0.05,0.26709409153878366,0.8629024775437714,82.81503411957627,2,1
0.2679424507875403,0.16934940183695033,0.8715970571026518,47.96898587545893,0,1
0.13566847228287082,0.5051295998717548,0.17430428669042128,48.057736993430055,1,1
0.06617867691614385,0.21522630115591282,0.8960193316136918,379.70735459868905,0,0
0.1365169397763904,0.30267928438841163,0.8017046152923533,178.95168215863995,2,1
-0.05,0.6043368946581595,0.7726141071657668,73.57749667405383,0,0
0.08045906018924785,0.22644282471136645,0.2707746387326941,154.10403966090348,2,0
0.18428026287211435,0.33001023491704745,0.7843513274414652,64.31450027417279,1,1
0.3860209280534729,0.15526763571837746,0.8226128244822812,98.35454412223869,1,1
0.026711360710743468,0.2640383541633144,0.34577778428602834,128.1630035179913,0,1
-0.025528848520773778,0.3870555710169233,0.9094210666079752,64.45164326375458,0,0
0.029683732154783427,0.12195815794277094,0.14238112443928963,52.02891189071987,1,0
0.2847723811863733,0.23073436812794024,0.22742286526006872,239.64183506448381,0,0
0.17917519973874318,0.33743284497625053,0.5569439673437871,147.12614878267968,1,0
0.024643163321933018,0.07241046297913235,0.5894236004539632,14.824945925644814,0,0
0.2123881379604041,0.37822073548513974,0.6483775708057679,52.74617489957066,1,1
0.13747395888264727,0.3194343997975769,0.11442375991814649,48.181831022114864,0,0
0.29435609829592,0.19725972017809695,0.9163117584288107,54.767093441685326,1,1
-0.0063695568979234285,0.28717210051402103,0.13789987882402238,179.45452460409274,1,0
0.06102081361240172,0.6008221918617068,0.22160265981489202,91.41090429958281,0,0
0.049420532436211626,0.09712260572285623,0.11191233989714844,29.615452330722544,0,1
-0.05,0.2750073539162113,0.5818296682999805,66.24951409558078,0,0
0.1733016498716237,0.5045933992123101,0.8924268513328264,138.84943131879342,1,1
0.16698994899238007,0.15951835961325392,0.6660550911683946,75.51142637907299,1,0
0.12092042219564296,0.21444346597451258,0.7992588482083631,53.74546218986379,1,0
0.07777431599247356,0.46315732764973994,0.11128902293979308,117.32823367529774,1,1
-0.05,0.27810240669822206,0.5607130037077671,328.5056350146674,0,1
0.044283841902235374,0.185040538482732,0.4906285308796936,130.20887168656333,0,0
0.05831138702518149,0.11455555890742458,0.524122752587674,254.86989784371625,0,0
-0.02440990845989141,0.4228950555098883,0.16138120753490975,56.70762184128015,0,0
0.09096857190011835,0.6440679634524121,0.6817700569089113,89.41695443303732,2,1
0.1927291542266169,0.3083255266751108,0.5277373526298392,87.98430201492427,2,1
0.4595134622178954,0.4105774245043222,0.7503765223820743,98.9825198382308,0,1
0.15142400630973102,0.19605420588440753,0.512497038952458,128.0493434200837,1,1
0.16635907033009759,0.13887477350878247,0.22697439079246726,43.15614006160476,1,0
0.1065997351620899,0.09852676123919558,0.6510184109661487,151.08855901002497,0,0
-0.05,0.36726113123900356,0.24652840778939128,24.4759560224324,0,0
0.11522750241914095,0.5073793345737749,0.8415353788515927,30.919735519967542,0,0
0.13084143778938476,0.2364619685412546,0.6211488032088552,496.9556968311877,1,1
0.5633835802473515,0.4056361401586,0.2336233010234111,59.85370940325963,2,1
0.08537502633939795,0.26490977098893786,0.9179873488590258,161.3563835019235,1,0
0.17427852162005025,0.3808117943964557,0.5406106438350226,350.24479137446775,0,0
0.1137518814530562,0.22533174704489528,0.16196368409090675,14.131906834818983,0,0
-0.05,0.04515369517060627,0.6328079687528071,221.62725609418789,1,0
0.32570810661270366,0.16436603283956178,0.3152190709608887,151.28339788638272,1,0
0.2553479458836193,0.19143069972773935,0.7831394340957071,334.39329318565785,1,1
0.2623857504677484,0.2616461141449531,0.795148762531262,34.980174938140365,1,0
-0.043689741863052994,0.35639372193893865,0.9321052524764626,287.4370056836785,0,0
0.37250297596849785,0.08073936672491931,0.5265891013708281,49.82258796132666,1,1
-0.05,0.10845747547886783,0.48671334776857655,209.31122337909667,1,0
0.22563427688404863,0.24552664654232526,0.7404542646295085,87.4601421586205,0,1
0.5142820126457961,0.5453972463065507,0.21260005789063757,166.76990452664094,1,1
-0.05,0.3355411391283527,0.5648781867241556,93.60608074934017,0,0
0.018066408671501055,0.11193257488627385,0.5643104601112233,20.665770502419097,0,0
0.13793724571577543,0.07861861954219991,0.17605215438882915,7.41544347515944,0,0
0.029374382259084147,0.22324955997792298,0.4552864726808765,106.47736498268566,0,0
-0.05,0.23934489305310983,0.8252920787821216,72.89441103542781,0,1
0.13234133546508492,0.4691650839986767,0.8277305786954612,123.78878433772674,0,1
-0.05,0.10930101287827769,0.18435201518172883,73.57293501458122,1,0
0.2052466375143327,0.350841738423868,0.1771127503356562,452.3525737442502,0,0
-0.04549636216208455,0.11473327681688954,0.323291155451645,108.24852081499604,0,0
0.39898819290315707,0.5209560844968074,0.8435511531708945,62.9563618875217,0,1
-0.020985592620522686,0.46291911654104495,0.20956719731247409,117.90632497813029,1,0
0.06202892708297839,0.4458084306295856,0.7119972822333293,63.8834393373681,0,1
0.26643309912654056,0.45074564735850964,0.18599077667113773,96.96442777660555,0,1
-0.05,0.207768701685737,0.6296671756856516,33.98828308961138,2,1
0.1609427882287433,0.5530846398930729,0.40265720425127305,89.40099738172009,1,1
0.355285695770837,0.2414057853315312,0.770576868520987,61.41892934566886,2,1
-0.05,0.35219914462398455,0.2986368815015591,36.66456288831608,0,0
0.15323409453581477,0.5623335554103934,0.6433215549814658,437.28654712689206,0,1
0.16677890296471623,0.066028107172517,0.30033015438950217,37.826567665910886,1,0
0.2607281169199158,0.47801036279397796,0.7066112406453307,90.52005050910718,0,1
-0.05,0.36195574219105253,0.8426263293766364,47.358843552313395,0,1
-0.05,0.4016190764260652,0.20778152925774604,114.16349375305236,0,0
0.21394948181104156,0.14476908879022118,0.8366063353061779,32.47569269485741,1,0
0.17345724118197348,0.14853618339714061,0.6045389662521532,176.31734343899666,0,0
0.16508871306225778,0.2673122822770018,0.20804391723697038,458.9425088139526,2,1
0.18236067770945563,0.2665058948831771,0.46341057705575517,45.98745354752413,2,1
-0.002404449884128343,0.2016844401116823,0.2367312494623332,238.31065368755804,0,0
0.16180566548898062,0.5191348577625704,0.695295705536584,66.32033250652653,1,1
0.1727530451937626,0.012576968831467986,0.7450379142552571,300.2552351748477,1,0
-0.008583255244746207,0.23005953211192406,0.18992704223187912,518.4269802280679,1,1
0.45583941200605615,0.08916247674529962,0.5302188747904477,74.66683298284254,0,1
0.20528992576412175,0.5437183231209585,0.7924312976220296,26.676609567281726,1,1
-0.05,0.3380641675028336,0.8957385853183469,192.1867412352608,0,1
0.23817964955408932,0.22099377678765253,0.5364901867305045,107.71983824905077,2,1
-0.05,0.12232166966906016,0.907737340069696,134.4823460404367,0,0
0.26167522867364135,0.32715774615691906,0.5553356248876253,68.58843719556502,0,1
0.3285472042213327,0.09997482682028871,0.43506192040992175,44.36299806496756,1,0
-0.02772281730330789,0.33759203987394115,0.8209726592699611,227.7568345688299,1,1
0.2934077032639779,0.5828544730774738,0.5190353038893757,116.26034103428489,1,1
0.1943005668485697,0.5490326088038333,0.5011171339798446,28.364954101907013,0,1
0.2679708287990082,0.1444002153105774,0.516765615998354,155.9445005995184,0,0
0.4614227368777105,0.5397886850088234,0.8197672515892835,132.81203771428815,2,1
0.0758301391194833,0.049103914238015904,0.8071503104348443,69.3912556671053,1,0
-0.015672509584348127,0.2269298672078842,0.4429919935741795,328.93185031007533,1,0
-0.0401125973325942,0.1507116244682386,0.3833048808899463,54.8971519500848,0,0
-0.026845851293778894,0.0397742668078514,0.5181388204332599,78.63452099898579,0,0
0.10612169230546124,0.41995867755191874,0.5868566332765427,166.48720679036626,1,1
0.18140735546699588,0.4703209324057288,0.3025866290337974,95.71838207999376,1,0
0.1698043438794034,0.45932256242566094,0.7748618220082519,29.73906425993352,0,0
0.26889298482648427,0.2928697416440324,0.5135103508725595,104.27581942867579,2,1
0.12234034053802326,0.3253208111970423,0.3839387161569656,64.61768703514839,1,0
0.381636133888317,0.608299740483025,0.19079784401939204,178.68008924158624,0,1
0.0723617700171679,0.227995917813659,0.3030183863430659,101.59300407012825,0,0
0.6096304499861314,0.3285833899501695,0.9068889959925861,97.08686783545694,0,1
0.2326201225977011,0.188908839828141,0.35933473379659764,38.91575062362996,1,0
-0.034288360154930864,0.4759491652842039,0.24353039596198,74.88695828516161,0,0
-0.05,0.46195246754850827,0.4915718729067442,195.60178341252993,0,0
0.20684503474377336,0.33552196724204514,0.36102458185621134,48.36473460903032,1,0
0.07977669864134684,0.2913305263540643,0.12988536273051504,87.70332583576437,0,0
0.24852008893657654,0.3010360813901332,0.3746734346875047,42.55694913818737,0,0
0.20518277242323807,0.32719066890772697,0.5624923303485483,34.91532648682663,0,1
0.1068907957217629,0.06764099286707154,0.5689555162169718,84.10893164443932,1,1
-0.032422869252312886,0.33280396452018296,0.40307508300035544,103.44508910819904,1,0
-0.05,0.5689403837780267,0.48020734281471056,443.67412993884784,0,0
0.0396273086279362,0.16873682327409087,0.9206902304995515,62.52907777333027,1,1
0.274151782978225,0.32347850774297826,0.4207462056457649,86.47579826043336,1,1
0.1585368739434367,0.25951423642259236,0.3194927912709855,33.11350435129912,0,0
-0.05,0.21073410761815942,0.3069469874567461,146.9058656498465,0,0
0.15117256665321277,0.44543893158488235,0.48909992079851405,123.77629001887661,0,0
0.18935712835119062,0.19252517781702655,0.7455921264094024,296.10547998691027,0,0
-0.03909433851620395,0.4215730229751968,0.2750899565602022,219.0494977073293,1,0
0.14767051907019502,0.3147556062634345,0.7029017080696528,119.2384577912874,1,1
0.13047756932027998,0.08917514806890406,0.11797734984700385,61.802437184537325,0,1
-0.05,0.18139749745536848,0.45609303128635414,106.03134419052186,0,0
0.184401724862691,0.2888520759798477,0.7594853054223688,82.36735904115217,0,1
0.2209412147462822,0.19122046404901066,0.38792301240826665,193.00537274808323,1,0
0.3149492237715499,0.25463202598101103,0.5791765362285896,174.33612557828212,0,1
0.3096843693662825,0.26260915795931455,0.27423234790202416,71.0133327821725,1,0
-0.05,0.1868577020761625,0.7306960824572464,27.949658356308078,0,1
-0.0488085071847221,0.1235656832485277,0.1444372377784457,261.572067998514,1,0
0.21270634809755876,0.3590902667010948,0.8246612481441753,143.38010280834848,2,1
0.21248147116419758,0.007247912732123117,0.2684669284584179,69.71447301897835,0,0
0.21270858353508862,0.22541229173963975,0.8432383269520811,138.97564173847366,0,0
0.8,0.3682584032090778,0.3996498551054397,95.5728749534069,2,1
0.22276029192477004,0.47005375734757493,0.7142810383033136,258.4996502567408,0,0
0.3244018152325078,0.23340795938545686,0.3713415031182602,19.224313663684566,1,1
0.2917203174287764,0.604550623924786,0.8700249205494504,65.51291028386152,0,1
0.23725042523504364,0.11161825582150756,0.2076415566906182,323.51439556627327,1,0
0.06325153596473779,0.29180063638815756,0.25174182088170893,141.25386362839623,0,0
0.25661445968878815,0.24367885033200437,0.519075606384982,371.69935225687556,2,1
-0.019108538616762927,0.09117290073823889,0.1696476731824242,33.87083519841888,1,1
0.07737265078679839,0.34238261216894417,0.26658315699649765,212.24841822536249,1,0
0.032634561390761374,0.2613583638874165,0.9022014248802122,202.30562292357203,1,0
0.13473734508953805,0.10545421749979744,0.930016211975704,23.44406032436736,1,0
0.5366385420012316,0.33941958951777684,0.41982042993085866,71.06522862944624,0,0
-0.05,0.06674404650508572,0.8847931178618452,82.66338142203747,2,0
0.2435268342674124,0.39484478584956023,0.563100974322417,24.639606707362244,2,0
-0.05,0.17015973446901886,0.329281095992702,72.26342614923729,0,0
0.03505226415790197,0.6912093386389426,0.6970389129185088,181.00895634721198,2,1
0.31601110745412586,0.17016504307163668,0.6600665355886286,65.84223833543716,1,1
0.1315704034371833,0.25965807209419905,0.9407565212424233,109.25739544436286,1,0
-0.05,0.34085924943352575,0.3252901942978908,109.89179789458963,0,0
-0.00875466766679428,0.1936145912070428,0.6712505772624751,89.14687327725495,0,0
0.24232759480824165,0.4421189571746821,0.14422019177502987,51.20588059287365,0,1
-0.011465993709084604,0.2918146343826823,0.19659913289221148,152.4827050193805,0,0
0.15896254612475547,0.0431616328618451,0.10333061870842927,25.289087808612976,1,1
0.12820293118268647,0.08526285170391149,0.9495415789007221,90.63772442859243,0,0
0.0027119374309529237,0.47376583548934953,0.7819326425753561,272.7045766433142,0,1
0.5059099360785586,0.2739533039710695,0.7687145625235097,62.93493406829385,2,1
0.234105424017242,0.23739520744884943,0.5332671639949528,50.306939146933686,0,1
-0.05,0.2670788820929144,0.35505702046962395,160.84045501559282,0,0
0.15356177665849696,0.1034879707346583,0.22857464179327452,102.59050744936192,0,0
0.0008784363416901586,0.22795113216234186,0.3419735280194941,163.42559750687533,0,0
0.2734380002633203,0.2627333305254055,0.41957553863976826,92.8326851599866,1,1
-0.02265373291788611,0.6891140409001313,0.7428635824332499,13.321323731271692,1,1
0.09934744053595818,0.2505649400674639,0.5587125205676795,231.34977165478256,1,0
0.2108977102164823,0.24464969297662237,0.16586108257216028,471.54809729615914,0,1
0.27583593495062186,0.2767384149382149,0.1153246576150754,251.4471442611146,1,1
-0.05,0.27220512050485735,0.18698235260395368,5.306400958946074,0,1
0.05978977754862929,0.22994845690931623,0.4489239066427725,129.1365756149866,0,0
0.03450984399102788,0.42570532098434083,0.8932139794916655,61.96708466302889,0,0
0.0024007381367318614,0.22271118741639412,0.6417921090278383,37.811186466461685,0,1
0.4377817632505974,0.4773689304451496,0.7815520148941878,99.3039877952384,0,1
0.19289670797297198,0.23101298651698982,0.4964184053288663,79.90529844918036,0,1
-0.05,0.43144353619464987,0.4074161707157864,135.22313196963933,2,0
0.2852151504698597,0.38687976021019077,0.19214031680912932,94.1853031076136,0,1
0.501988115462274,0.20867813507832503,0.8445430688582741,36.72105566877983,0,0
0.30584374689920646,0.09002499819996725,0.7656860246737174,56.753570949698215,0,1
-0.05,0.6038569167009646,0.24290038295806635,49.88065014654922,1,0
0.03283786688407475,0.22652332523012098,0.5354214792948214,22.80120666821404,0,0
0.34804400685359205,0.3042970610133372,0.5142685867330582,30.04464027490085,2,0
-0.007380503811380529,0.16462586137498683,0.6313278197835492,76.0312974517299,2,1
0.1998874970663211,0.1823972362349482,0.904258859892572,281.1823131632332,0,1
0.25943412961728063,0.4766491048877699,0.5928057254981077,58.6480505733463,0,1
-0.046847484884054935,0.5264086385938195,0.5591846767618258,49.10964150550874,0,1
0.10928543590887599,0.36092031234155697,0.14277449299446435,34.98678975466718,1,0
-0.05,0.2509553296201303,0.15347135461532035,92.24325797760795,0,0
-0.05,0.3835316726535463,0.25924477262777057,231.22874708877853,0,0
0.07453773274923114,0.19591171866205373,0.12760015593798604,446.81570347829586,0,0
-0.05,0.2976150813463317,0.7318499612345105,113.10532920022187,1,0
0.4138340347076943,0.13237350274514814,0.7148307583948686,100.68481501955132,0,0
-0.05,0.12631168044090502,0.2156477992668965,58.27781645657884,0,0
0.040791992394542925,0.35476652265808534,0.8106670656759888,66.60280560146538,1,0
0.14353330391149643,0.3219807096428471,0.23156812961919518,148.90969864197237,1,1
0.3794291920319008,0.310809260614259,0.35599924894775503,69.97231993521264,2,1
-0.05,0.22661352635262422,0.3116303642871603,79.05738982955705,0,0
0.32936947538789274,0.3116613226660596,0.41646103378709065,88.21016274133586,1,0
0.12184195098352567,0.17217359051439798,0.31646420100646755,56.11131644083275,1,0
-0.05,0.041466975212824844,0.5156082874726843,84.77634833389084,0,1
0.20317862536738873,0.2761974130074415,0.4462966991514826,17.89417242458666,1,0
0.1558307452032246,0.09425356031693806,0.9385840671624275,139.64014301628004,0,0
0.01196096211141695,0.4118445340829866,0.14753739760899182,590.7645061097013,2,1
0.1325643752982034,0.5157009792685964,0.2208541699292489,57.8796067707663,0,0
0.05064355256488316,0.6342283268293691,0.1449020098223121,121.39743088462357,1,0
0.14043312214522463,0.27170217319000567,0.6319650157350194,177.90702034384148,0,1
0.2391835214137884,0.16115555595365097,0.14633288580166165,250.67874480263214,2,1
0.40548302690616334,0.3019616530585536,0.8109737767697047,72.8602198500949,0,1
-0.05,0.24747616586330073,0.5351478360796387,21.271033062977025,2,0
0.5039460074381279,0.2773672197869529,0.5479564808943036,111.47335131538769,2,1
-0.05,0.47222499596045936,0.5773553315553651,99.7735334767947,0,0
0.092678682893595,0.21903951367592533,0.24519165036027912,68.26975892738209,1,1
0.22589709716722378,0.25130404126245265,0.2680367576473144,80.89809706249268,2,1
0.17057853619230587,0.13449891422559376,0.37099472444205395,100.9822093235216,0,0
0.007914086432293119,0.2575375190463321,0.6044719534485736,120.23036293839947,0,1
0.08253799493569046,0.5758311543371692,0.27860010954918235,116.26217477045199,1,1
0.03125983176141009,0.17478898807467766,0.19888196806327205,75.62988220872326,0,0
0.013914343750041927,0.4404393990716352,0.9245993534556673,122.41575363795795,0,0
0.2729283774637844,0.23996872315505707,0.11868454258817948,71.66305346205945,0,0
0.1842627874737085,0.4457504855829945,0.7822927945356184,150.44843505013787,0,1
-0.004723727146917753,0.41814573239418396,0.7698298771387687,54.49155478664771,0,0
0.28192797757798516,0.12477872464880943,0.35263199676833157,95.43511129996878,0,0
0.17531391375778968,0.4135696874278296,0.21528262360621642,24.5572993105286,2,1
0.26631518139101285,0.08552216071945434,0.22378434969960992,66.95840625399208,1,1
0.2333331915462502,0.10238495285184403,0.6928168746516136,141.73951574921747,0,1
-0.02921910196597302,0.22850508874050057,0.6463856024232476,39.37031502731925,1,0
0.019167412764545477,0.5466614162505907,0.7653338231136787,69.68043803603462,1,1
0.2545128489221871,0.35108503224370974,0.896858996539239,13.1437237073077,2,1
0.22986664777802368,0.13941057604626686,0.6881382587766032,30.13058332341671,0,1
0.11623771308645334,0.05369951548994858,0.23247380606872695,37.14467247559625,0,1
0.14111892899558076,0.3806987361056626,0.30692622425059907,97.65109205482634,2,0
0.3499796812419165,0.2794224044294483,0.8158646712421473,117.53394787190211,2,1
0.013517150009550616,0.3066911814390244,0.2779101644590773,86.06953768367818,1,1
0.21847752861060682,0.34303308364673246,0.1616439694113092,66.28245910862897,1,0
0.08360532256189906,0.47611454437072104,0.6977880459359128,66.46786523507254,0,1
0.08081738341910034,0.2554704259647891,0.44214740216662074,159.62648210580147,1,1
0.3177798333576942,0.5012006017832084,0.882034044664018,106.725047477952,0,1
0.26857494281784533,0.15400666296079904,0.6527168104296123,68.912909275303,0,1
0.2664317344801149,0.06323234040516468,0.17685613112291165,253.3164749614094,1,0
0.35498618528777925,0.44834545888275384,0.9056780821656116,428.3668834853214,0,1
0.12378069149389663,0.10997586339778063,0.319773674094209,33.228436812717675,0,1
0.24275153483309347,0.29980310270744265,0.38663061684534294,136.72998329807857,2,1
0.06415198381317791,0.5363077304756033,0.44192135163101076,1066.259156294021,0,0
0.17834994344791957,0.06705426999363957,0.14354065194366628,112.63634381342234,2,0
0.09657425021381677,0.3373425781481131,0.5220381088960141,98.72656991361065,2,0
0.13745927369868927,0.06163751556213369,0.20482071741399843,86.09168629709353,1,0
0.22712826457864443,0.2669105924136806,0.440824777685099,133.23909405996625,0,0
-0.02727972298202505,0.014681933127792124,0.3981033197932716,164.66602524515798,0,0
0.4966297096233828,0.09291290127017372,0.7569140709125278,33.25438042948125,0,0
-0.05,0.16208459011388984,0.7826949348878214,88.13000883568232,0,0
-0.05,0.05558771864927384,0.2304009500307248,14.649434124485417,0,0
0.3284599572300122,0.3628731421368042,0.41156850927234223,76.13794087853071,2,1
0.2624992849133284,0.32618555306964203,0.41735018687705694,43.7219001839309,0,1
0.2323415670693879,0.5516768599767246,0.2286988773456723,118.07760329035482,1,1
0.23310219166757037,0.10991865606237472,0.7786854792935118,23.92432151930534,0,0
0.11779558088755536,0.21718481039517945,0.7011440790851098,59.7486234249186,1,0
-0.041505786867449684,0.07822097883115157,0.26182451835247955,195.04599458479575,2,1
0.13364482047487072,0.1767688055025618,0.4117136223047292,52.40140892486356,0,0
-0.0018891080721801096,0.5954379734962468,0.18993427112803707,19.610230180735236,0,0
0.2955215520151952,0.39717268660938093,0.6339756075290873,110.61177216215845,1,1
0.09352967132961504,0.1055672064555032,0.2031661358663267,56.304632012943976,1,0
-0.028589495422652073,0.031185910555505757,0.9380440433311801,77.57860272927772,1,0
0.06215054850246118,0.027957961979081927,0.7635797634846829,50.20448326762275,0,0
0.19432766176961236,0.36797659433535934,0.43170276714639577,436.81833338450764,0,1
0.018529580495284553,0.159129571300425,0.5917793424374512,25.88184638865604,2,0
-0.02799967120195765,0.7380869638355531,0.8746405437839474,868.525103342843,2,1
0.1638636980685442,0.24369917696780016,0.5709843883364522,65.85733262197998,0,1
0.1640939827995701,0.17097774059130702,0.2483237134382619,104.24639304321616,1,0
0.028750228433196648,0.08072398199878913,0.42189785224398546,56.83559863357543,0,0
0.03521310498870189,0.4477791997522805,0.8166731352752835,54.96480944133689,0,1
0.16176898872437454,0.19735165471552502,0.6475810635911752,48.044904175527954,0,1
-0.05,0.26147296955370153,0.6531157266837302,145.6208563454421,0,1
-0.05,0.2791904822094437,0.8367982628352157,29.11810789541208,1,0
-0.009319959825438484,0.24924642287697085,0.8598770988431289,120.45627637135841,0,0
0.0815795126918675,0.38880045320267814,0.8818236860125208,15.680310420601737,0,1
0.17596336180764083,0.08983097773481848,0.1806218142651827,112.0363101938286,1,1
0.38556411905091936,0.2393537041475697,0.5625071016686357,177.56097743141265,1,1
0.27437873217636344,0.20045204994057464,0.7294330930355708,32.47221219279302,1,1
0.09121106460658311,0.40099694375353145,0.7433878183579616,154.93320388742453,2,1
0.116577082577516,0.4674355152035755,0.6157087716745032,93.79469786916626,0,0
-0.05,0.12791579245418194,0.24176923490612304,323.35188720340045,1,1
0.11666763552136981,0.40373494198452503,0.7778074708504147,45.414656990744874,1,0
0.0680414449943751,0.08948655761560051,0.7120946334877039,856.4438199083803,1,0
0.1780893408608561,0.24781566399063273,0.17321540581668085,13.29481721953342,0,1
-0.028901569839418134,0.26449203451846,0.4942383509732198,69.1582225192747,0,1
0.21348237256341102,0.4549932251283338,0.24788078959353305,23.130318161312793,2,0
0.395893004340464,0.38950793387251037,0.38685548885602605,395.77400008363014,0,0
0.10042317327776563,0.09718177285658083,0.11536892837483262,73.01312393689163,2,0
0.19230810997780945,0.3828986050331805,0.4402803881491445,78.46494292566963,1,0
0.24422591850800024,0.297838427885603,0.5673953829827789,128.32812732115417,1,1
0.04778031506054947,0.5903979088514874,0.6266452039030238,89.671756291507,1,0
0.160336646725875,0.17609833187507087,0.6639667933594036,55.979791239304426,1,1
0.12226663214072307,0.2144134952920709,0.8108476161370909,32.93981799867778,0,0
0.1375816977387897,0.6204682337798468,0.28314347118437055,103.00841890867139,1,1
-0.019141761093983967,0.48723314496000425,0.20240954907269776,121.88365060858426,1,0
0.12441183136660969,0.09620692451496077,0.8238065961132368,157.00878969841082,0,0
0.20963969242418096,0.24965580347196684,0.2331208926587524,415.79048029367675,0,0
0.3812058494031075,0.34123779909224605,0.928546069135766,15.815411507086163,0,1
0.2926687486953372,0.4009150563139554,0.8161574949888414,85.270302654795,2,1
0.5075728423520801,0.11793590761943248,0.5257451150061593,233.54861778723307,0,0
-0.018122561319848907,0.5572754113921149,0.9342082111837214,81.48199376587064,1,1
0.277017714609722,0.06294278801876782,0.18277021974180357,13.866308335084968,0,1
0.1530015610329033,0.12295220654768162,0.3576058969988364,32.045870839958866,0,1
0.514164527979181,0.5302969759506505,0.6424907527845197,117.07981477000591,1,0
-0.025493691363927262,0.2709993961105075,0.397505838202202,113.72210942593084,0,0
-0.031149931592539676,0.27708902751884185,0.889116669183673,154.1638131279612,1,0
0.012109323820076012,0.301184192228817,0.15578217495114494,48.19199098732694,1,0
-0.05,0.14014940155761468,0.5670000572518199,110.81992514069803,1,0
0.025364096097463013,0.07373378490111673,0.6022363272858473,42.23753808314361,0,0
-0.016643879079665636,0.32915651051709327,0.6548189052106405,110.82655314388919,2,0
0.14707088156571738,0.359768584824016,0.3173162898320423,93.93187238888669,1,1
0.1815160756398887,0.30977747327024047,0.4098814633918848,46.67982151708889,2,1
0.4577107510588595,0.18035041428788406,0.817128450215231,313.1076009948375,0,1
0.2910762908734891,0.11049325801614986,0.26570135362463587,22.999931550743483,1,0
0.016157341980767445,0.2268526189451653,0.8028376700973577,80.37500249434127,2,1
-0.04171464084270443,0.6389059701703222,0.578257109467331,45.86377310834778,2,1
0.20854545087117102,0.24313915351568324,0.7478593845149698,390.474094857052,0,0
-0.05,0.21596804604807857,0.7065662613239507,145.28806199151705,0,0
0.44966257785378366,0.24855717435847977,0.27638477107714715,53.54656770547316,0,1
0.3322992217298316,0.23747045971287373,0.583490825968792,71.96844568242084,0,0
0.03554838262115313,0.5319284493276698,0.8375646798843285,399.0177488302809,0,0
-0.05,0.39043892434622446,0.4672988012816399,42.22360794585798,0,1
0.36369702734977427,0.16973758904288572,0.9216021546898192,21.942852547086268,2,1
0.09938282785452877,0.204026175015018,0.4843828350864603,113.61385819172189,0,1
0.34280693615522306,0.25492632671059895,0.221367791167702,115.68977948181889,1,1
-0.05,0.28906082696293733,0.43101947806602225,153.36606703769428,0,0
0.012112495868320888,0.14078969013769074,0.9089470454319566,154.17689448628883,0,0
0.12094386594927296,0.18846863488275697,0.37176272193887605,371.1344962835863,0,0
0.12845650687765356,0.5651992012277928,0.8378834358870034,22.771050350212512,0,1
0.03898821513373614,0.5441384134079766,0.8490630794296062,34.389711807489974,1,0
0.23211298782254977,0.20749581324893812,0.39765854568216685,152.89672097569434,2,1
-0.05,0.1937947313120766,0.1707690093430373,37.16991132435368,0,0
0.09437169269616717,0.39173659785710696,0.7158742227849955,28.070792455881286,0,1
0.1416532137081418,0.0549042835324885,0.3647854541618881,400.48473135663886,0,1
0.21259899013057482,0.513200034727355,0.7654850721189365,24.63199714383038,2,0
0.24809067805600016,0.16801384883050952,0.4762566210213681,67.9642866107712,1,0
-0.05,0.34984513829632496,0.5124767309912284,85.84179756785956,1,0
-0.05,0.06470899156806993,0.7612229957362563,256.5463406437567,1,0
0.3499818279417316,0.3992098512519557,0.42500883140238366,20.18535927740756,1,0
0.17981652215632649,0.3602074853627584,0.4766582435244774,125.50933285746532,0,0
-0.014727576580179647,0.3368158164406375,0.4197618984541788,44.154654818363845,0,1
0.3992073555940541,0.12566751557557146,0.41223943798568796,148.72351379849948,2,1
0.14082143417271456,0.18674564305294103,0.5470545903662405,43.578060282640706,1,0
0.33227349313148874,0.3090542956810058,0.7874795278259781,316.66518119383,1,0
0.1321533266538196,0.16110471655100672,0.407503065134181,43.782053030868305,1,0
0.4909346264787577,0.15601939383489905,0.5456165124570762,12.55873243652103,0,1
0.4359613516397768,0.4891720840330514,0.6701182266262107,47.89066499809042,1,1
0.07518645327376677,0.0405952160464261,0.32902352935810675,73.03654348264685,1,0
0.29488277117178396,0.5013100171730703,0.33589438416703365,213.98011679446432,0,1
0.23616767092532653,0.125480123667906,0.8934011579699366,32.893271906900374,1,0
0.3663536803558227,0.37832624698778555,0.7150043873314252,33.41761306647286,2,0
-0.05,0.32221290371486117,0.5906086747898125,194.11724321084043,0,1
0.24348926279971905,0.12136225357209524,0.6505620462575201,29.95870416758178,0,0
0.31051640763292576,0.16476671994108208,0.12490452663790562,78.00814520062464,0,0
-0.05,0.42106902306580285,0.6253875207274423,79.28738632279983,1,0
-0.05,0.22306564310409913,0.5330825422405716,107.13220462951784,0,0
-0.05,0.7475416808203147,0.5638872278125203,49.40844849285935,1,1
0.07150676979997961,0.17653263115212867,0.40551025280619457,42.87995600076037,2,1
0.2491576060432732,0.16939987569774237,0.1692528130560006,117.6737015947021,0,0
0.390424269377285,0.10123676310915995,0.26433834857024435,43.95662347102863,2,0
0.13333706047555952,0.15521976788527783,0.908133006230771,30.326582796290765,2,0
0.4131507982028325,0.2516719879928031,0.44739462793029383,240.38456383952072,0,1
-0.05,0.6988438963940432,0.49668068245623453,133.01691560086562,0,0
-0.05,0.16287619472878653,0.14480332137542315,370.18464311678935,2,0
0.11000141419860862,0.03586107451957101,0.1319312951123835,168.5401703315566,2,0
0.1891317808090753,0.18689261626561332,0.709604229989744,32.6382553928942,0,1
0.11411494534306324,0.28021975907890234,0.5573804645029445,97.23156407637589,0,1
-0.05,0.5039853388745347,0.5324000865838266,39.94475586854592,0,0
0.10395839288769808,0.2905356993774629,0.3066558508592684,24.01580901914551,2,0
-0.05,0.21370325400439458,0.7330381218854338,62.9436880086003,0,1
0.2405410587894069,0.17420404077010232,0.2430010922422181,197.39884980091037,1,0
0.18598768429743268,0.39919600736253635,0.261444532111867,112.16042007853895,1,0
-0.04917836153892394,0.2659319496638474,0.4916053456460342,29.585509424486926,0,0
0.027503954879395165,0.4020401338219225,0.34333788279514976,61.19874849186216,1,1
-0.05,0.1054043592980552,0.3103435340481744,80.29495015392025,0,0
0.10871776249082905,0.18962207868009487,0.6484519978703319,23.305981324263005,2,1
0.29192561769022285,0.3548328182831716,0.6533259834357628,159.25996900316406,0,1
-0.05,0.07851743073924757,0.8008395093299397,74.96429840930638,1,1
0.210728372793212,0.12350488995470801,0.4550522819270295,29.592593524534625,1,0
0.024553628692960655,0.24137784545030638,0.1621223273722277,28.283005870654836,0,0
-0.02271710980722194,0.4688543103047804,0.332616427183239,217.137578714366,0,1
0.10073453520817958,0.5491671814360513,0.9330046437172943,66.37693119022131,0,1
-0.05,0.13208665662881736,0.6068197889477968,233.28983863863098,0,0
0.020343125037507237,0.29893631402013454,0.7032765220808672,316.62698701819016,1,0
-0.05,0.5146805029932751,0.10625415518160236,203.96708204201516,1,0
0.47365052392495005,0.40089713682600786,0.5404748723551427,58.747852708044505,0,1
0.12634743935491113,0.2842255949831302,0.13189935890203267,12.203494002039388,1,0
-0.005950591438665415,0.31754411011338207,0.5838456802777308,115.63018564260993,1,1
0.15851638393215994,0.13848346987034896,0.8826552221906641,479.74806226249365,1,0
0.09978095105565063,0.20097123645401038,0.9231562609253466,87.50430021418421,0,0
0.08022547208401987,0.24188964316220724,0.5594697740805855,18.322825632980297,0,1
0.23055000600781653,0.2295611941890383,0.48947408446438356,52.4624251988213,0,1
0.2563513878085149,0.2156860757163646,0.9032645301112199,77.71228711397744,1,0
0.02450979343010505,0.12310958018220286,0.6725683571971908,37.39769778833438,0,1
0.016352716683957602,0.5160624858560737,0.15516438760764806,11.574875287498731,0,1
0.07049069451270407,0.2623139249573352,0.49586674101737294,83.23928266594815,0,0
-0.05,0.2309942687514944,0.3042082656946583,48.04312297543416,1,0
-0.05,0.09595128593448145,0.49933367323137934,371.7246264673572,0,0
0.3660373681400144,0.340353357371217,0.48714573620540746,97.59505150945051,0,1
0.41609418843023105,0.15694670027434335,0.5948230823925307,131.061033268972,0,1
0.0751735128798519,0.1620025771710848,0.40325491679686354,81.83713266796332,0,0
0.22378025335003793,0.19459935313145535,0.23962988203753885,97.02674309734857,1,0
0.1760250278178365,0.3889033363849212,0.5281615194014628,24.002561871819488,0,0
0.6741985455219428,0.3240072686151163,0.8056724516938977,39.16826904329597,0,1
0.32152348405822384,0.05696068686177275,0.6644103938574619,215.05455950095939,1,1
0.09697483353346202,0.5068443274386882,0.3876126860364335,106.4387365300707,0,0
-0.05,0.30439250526781686,0.8951945693450286,65.44397713211379,0,0
-0.05,0.2972452247392276,0.8753764355618048,132.81231858541585,2,1
0.15662345445610015,0.1367056096153261,0.27794613947648394,134.92101428906665,0,0
-0.016143134151174604,0.44914011712217095,0.13350494735230853,442.6218113070354,0,0
-0.05,0.25181479605739426,0.7301124020981479,102.56052120469097,0,0
0.003616880836345218,0.16951392607312646,0.8034687221467802,38.4744328775555,0,0
-0.05,0.08014649270573643,0.922684881058652,82.05935391572352,1,0
0.42368549431306163,0.23253705235538352,0.856360934975064,146.3575355446354,1,1
0.2786951562509011,0.4841625365767797,0.6104545529754526,199.64228879419568,1,1
0.11856492456300886,0.1693257626556566,0.5505444883305237,24.72894703792023,0,0
0.3863899450002046,0.07477892700140167,0.12366489357319835,110.27369099967903,0,1
0.1339262953765713,0.18524232349219433,0.30965797981806115,43.912370037177176,1,0
-0.03503115623908745,0.16796351370450527,0.49067253897298746,57.20804070684467,2,0
0.3941623339085383,0.2763354949660545,0.6342283150710326,177.0924122432608,0,1
0.21700380786323856,0.13097855154707988,0.573664058320649,163.5303878611134,0,0
-0.05,0.1542500262093677,0.731240591229437,52.325196884165386,0,0
0.08573903794495052,0.08993538353011882,0.33780189125398474,79.33872803780201,0,0
-0.03761128560925628,0.3465590425511273,0.5802097165046023,58.62343691048756,0,1
-0.05,0.16499025374641893,0.17492090688217332,909.9251942084545,0,0
0.2867119585556954,0.1454381844637113,0.45161569504572596,112.47000154537828,1,1
0.4636949952846235,0.451163889216197,0.7376367080114108,45.98957438429219,1,1
-0.05,0.5292063498589319,0.6893907254146874,259.23467096629656,0,0
0.22133446260430273,0.37717719713879494,0.9420463265963521,266.65857440193884,0,1
0.0028843375580711456,0.49771530922633084,0.3362074570895926,377.4116752323926,1,1
0.032317430922354715,0.42318456662924475,0.5234609042978823,478.37500108218427,0,1
0.013369093637003546,0.21733647489695554,0.3801008517078972,158.56615790994445,1,1
-0.035518338542366884,0.10549743468741869,0.4745126469502985,68.04155387783013,0,0
0.12873389303006885,0.17711581607683305,0.8284076103889798,76.54712665880123,1,0
-0.02957102095398681,0.15601042342477014,0.6815777139102136,71.26032769250543,0,1
0.16868222864037097,0.3583027272484148,0.8500750126454444,65.16976968392396,0,0
0.11095714029915535,0.2382117203777517,0.2729844420821035,242.7299347888987,0,1
0.07698935156404624,0.04443763713492062,0.8423569501652223,90.0690614532543,0,1
-0.043361459167487626,0.17743415640634938,0.15079793305162675,195.8085687394237,0,0
0.016181160497700103,0.08105034586883751,0.8553093883715795,154.6575385506135,1,0
0.25597042064863607,0.23325972978998843,0.37971271254161876,37.377765769785825,0,1
0.2101650937723885,0.4563029734443914,0.36739948840195646,22.78856019271368,0,0
-0.05,0.11099512270858747,0.5352752901938643,33.470673136287864,1,1
0.13787981497726065,0.524107383079782,0.8995866595647469,63.984118607948545,1,1
0.255249682206922,0.2494485341513156,0.14061415997919458,100.22949235412894,2,0
-0.05,0.35765966969172464,0.39939632881013354,53.5898528751663,1,1
0.2178048346283883,0.1411241998676989,0.8280861903808353,157.97742094330306,0,1
0.0007277233897475949,0.25621935561558057,0.43664630582014674,59.018552549395224,1,0
0.22270776034676867,0.5239791499617252,0.269283362957507,110.56083921193814,2,1
-0.017386648177653036,0.4819498063691885,0.4610750541317,98.8956589688669,1,1
-0.05,0.2639644320402215,0.42771962626791893,360.5196538078439,0,0
-0.05,0.22351415888456408,0.8781037712466979,41.25644157239099,0,0
0.12865529039904874,0.27642704708167387,0.7476442193816325,526.7548567835289,0,1
0.16675005030986673,0.32112925534140707,0.5293482223824054,55.95345127311033,1,0
-0.04277699251879355,0.557406885681536,0.9401149817133354,30.813548749276382,1,1
0.2349466425799273,0.16218908617481992,0.49548590158453476,75.67652507479815,1,0
-0.05,0.15480747939205203,0.14950215619723395,1202.4438649180481,0,1
0.10810563624348302,0.20960392282734935,0.32293317354273715,184.22617008335015,1,0
-0.05,0.10686653718771086,0.4706599081864157,145.8197518692135,1,1
0.0026695005956113432,0.36441921405229005,0.23336723052420208,170.05968936113192,0,0
0.12853176083695453,0.06985421523280302,0.9054303573754365,48.63411446571466,1,0
-0.03487440575111142,0.5752524381494896,0.7518215631451071,116.84350800694772,0,1
0.050780002038631436,0.28165155884564697,0.32804412036360675,90.19751170362012,2,0
0.3011327056585993,0.37944115369394515,0.6021838534902284,382.700767882148,1,1
0.01615946348583322,0.045659631002925305,0.7132317835431362,82.52075411474549,1,0
0.27042458017172555,0.3907392159198113,0.9000870895707782,66.51175934856545,1,1
-0.05,0.32590294062100394,0.849390046799099,35.45131979710405,2,1
0.2153647520247509,0.3450841502829877,0.5379133922174816,100.68648593732368,0,1
0.37948235171842204,0.23701367390107056,0.7584547268240649,113.79077632879574,0,1
-0.05,0.4243518655493258,0.5778230407534473,34.4231550371894,1,1
-0.02344114598468583,0.12881200099088816,0.5697983065387091,129.35116087184343,0,0
0.22387298289249719,0.3299114686361586,0.1975306645874631,108.47759121139944,0,0
0.08345183051226132,0.06675553056618239,0.20721700931372927,202.5033861037946,2,0
0.18680625720683558,0.10571078303232644,0.5501035727690888,237.43514068400953,1,0
0.011282666391152302,0.5357995621053333,0.3285323132321556,97.06913289380152,0,1
0.13558616174512197,0.15957134377575063,0.11788136709139835,39.28756641835007,0,1
0.09197809762942569,0.12287989871766325,0.7144133233151804,46.31670687158321,0,1
0.33020077109876533,0.30995644773932673,0.12761360718664022,368.5963454329922,0,0
0.16579575179421835,0.5006741240171694,0.6059853149384463,102.75952137137874,0,0
0.1807684791735364,0.19253338124350866,0.5583147250082172,363.915982483337,1,1
0.04586214609795587,0.6798139772747849,0.9234924869911337,134.13997640721638,0,0
0.032230879666951165,0.16580692395614124,0.5115811684454954,164.51282155353766,0,0
0.04213952619246823,0.44532573170634104,0.15406122092112776,190.7529037761539,0,1
0.19100138562809343,0.28710346659034747,0.5689347726354924,33.83476920508835,2,0
0.044222793452352666,0.20515210248463084,0.8149317450236861,115.07229696449804,0,0
0.1721594742413543,0.3569482999794101,0.9473218916392239,33.461679177079965,0,0
0.49357214375617897,0.08720531597496316,0.4657916976357116,71.6698474643423,0,1
0.2768024466177046,0.23791157291652001,0.37225393112223115,150.22523114814777,1,0
0.06131576420978859,0.2125906368597829,0.8706553024091991,39.635805442311536,1,1
0.3362185059895101,0.3380474712276761,0.26255580971470316,140.81822293760945,0,1
0.04654643285612074,0.29052756084271986,0.6231145777779876,27.148038897297297,0,0
-0.05,0.3479181328972756,0.4448572605538056,224.67521245835633,0,0
-0.05,0.42219960770511694,0.134920010212222,52.90248188560162,1,1
-0.05,0.24249642318363557,0.39519520315984313,39.5792923337593,1,0
0.05672757287256444,0.3024763373927353,0.3254442441272734,28.551665401622945,0,0
0.12331530825411931,0.5685546252018754,0.6831774808519638,56.62875718924119,0,1
0.42175871620955085,0.29393240112032726,0.9064719230381304,19.568293042577533,0,1
0.17884692727754928,0.23718069472344744,0.3278401092718421,58.04860568880109,0,0
0.08056190481440444,0.4348483136027772,0.7897460482789295,216.9332321534141,1,1
0.2692930046130281,0.24766475341982122,0.1470558443976481,77.40340100072254,0,0
-0.05,0.5915252921662858,0.5574028585338412,35.09241840471035,0,1
0.16241062045954185,0.49414273786873564,0.1599675541534104,107.87904580384176,0,1
0.25875573489965403,0.19275092244199293,0.8939280424610434,100.5159700354113,2,0
-0.05,0.21570858057122805,0.7513985884737816,430.6466731698496,2,0
0.3258757277772472,0.4548274324248505,0.6592574245239035,169.45320547856488,0,0
0.18092935334899454,0.43203347294911104,0.8003119243809645,114.94784476852314,0,1
0.04524817549785577,0.4727380263938699,0.6503918262346386,185.68528763292693,0,1
0.23390073589913127,0.2538973946761992,0.9236027375981475,80.8418797879508,0,1
0.5287247144047913,0.28572136176326274,0.7068642556850557,84.74692439478594,0,1
0.15273592591052912,0.2317922806044498,0.8859598181449098,339.3907989720966,1,0
0.16467970553406047,0.23320414628000993,0.5395621082090423,24.325782072874674,1,0
0.03731503808275606,0.16973032592208812,0.19950475103458326,195.26476571337258,2,0
-0.03297198650366254,0.49151217411248727,0.5489510632095645,82.38198788978339,0,0
0.26946044697796423,0.33195877515080124,0.20784190385362933,71.29373554186046,1,0
-0.03409508866359609,0.34270313402458813,0.6036194572999443,57.840154733458064,1,1
0.13288192269949065,0.47320746037150585,0.5101191014485135,101.79278389146528,0,1
0.034021659582279,0.057826174727944005,0.6291890881578645,86.93636609137188,0,0
0.20621636863435053,0.3342823374545915,0.10853993389660686,64.60152973512146,0,1
0.1800591789516507,0.5055663733930453,0.2656144179070595,51.30939141327771,0,1
0.3067571899664219,0.10926771693672341,0.5176308671253113,19.604039423525844,0,0
0.028197048206145534,0.47637186210417104,0.9079280273507646,50.44870131864144,1,0
0.07142251164719317,0.3351520189164386,0.4260676843018847,59.74968285857293,0,0
-0.05,0.31131126560378347,0.4607162221455895,101.59403854995469,2,1
0.04002721318629991,0.31565145210422435,0.7074916756556289,432.88352989570626,0,0
0.1879140887480734,0.13425930596426694,0.6132238436932003,54.9946025624804,2,0
0.25625795099616333,0.04261251654027319,0.35408722758358324,39.6866681725824,0,1
-0.04598975835197258,0.44024925150934274,0.44919393623231363,50.82575056083805,1,0
0.2765290656190188,0.1195934956640864,0.2850448290286476,101.76597496189689,0,1
0.36401481458489116,0.2000779313230957,0.9211182402606772,144.15777620167518,0,1
0.19441828258026617,0.7007817975708072,0.21103922432375577,161.204890943953,2,1
0.45782324626045184,0.2817555447671213,0.4160612668814565,174.5421742325333,0,1
-0.019282055838643147,0.34926511547555156,0.12196312638700951,195.46561274945097,1,1
-0.05,0.18348662812958907,0.28851256814351445,72.01634376709991,1,0
-0.05,0.5023166737897836,0.7634004676231316,465.22080716261286,0,0
0.38928797606805293,0.06245007841002178,0.27099894744554753,67.77444341285725,0,0
0.2377858181437304,0.4354437700393007,0.16805389214962074,98.24579600421427,1,1
0.10999475923611808,0.0920630148030118,0.5032852028678448,253.82921460388982,0,0
0.17039435273756764,0.6257518883853295,0.10847384952434072,141.61895317242073,1,1
-0.05,0.37700811694720254,0.1720512312623832,14.989090024704234,2,1
0.5602353563310287,0.1271719790497805,0.7864819891285288,90.423904634293,0,1
0.14325981275554095,0.27435287356315835,0.7557523431306654,179.3917218218608,0,1
0.1396910630288807,0.38256661568693123,0.8778679973441615,30.729520622928685,1,0
0.25063799230176453,0.17843961982715925,0.826338120524137,164.11283935922873,0,1
0.2065816617126084,0.2162905367743838,0.6806992287538454,122.99247221688164,0,0
0.16029912437024363,0.5209740341645329,0.14448292870556342,232.09259004743052,0,1
-0.022285401980156133,0.279074004926693,0.7654213252886588,51.75157891573798,1,0
0.20486430428447922,0.48498879957497276,0.8186841892144764,199.67972989111644,0,1
0.45876440936550605,0.3481128642195799,0.7792198239061613,102.27718196888476,0,1
0.36217560830789597,0.37769730827879666,0.5322071800118221,369.7548591573567,1,0
0.40677359279509145,0.45526763848906865,0.2979665628520594,836.1766965413568,0,1
0.027981178242386676,0.564636774420852,0.8185304793354177,308.17393612147566,0,0
-0.05,0.13525495524082082,0.7180883882791177,132.21309044018574,2,1
0.09735835438206333,0.41890629703440113,0.9336469982305238,576.4007681826696,1,0
0.13003048421196503,0.6277239733678208,0.23233870809254298,145.8797180716957,1,1
0.3169544733247707,0.42330626189328024,0.2918148955942468,43.53840530597381,0,1
-0.05,0.3242865327317485,0.2800284273992773,87.2328826496526,1,0
0.39531905750291046,0.5237323534287259,0.7736588024781361,165.56067584303898,0,1
0.0915585782557819,0.6843643932117193,0.25887120198260044,174.2974503530325,0,1
0.04316140740946439,0.35926527588984386,0.15666085534981017,36.59047966594567,0,0
-0.05,0.3939614324212918,0.9487766855977843,37.531259441062375,0,1
-0.05,0.3799956547644613,0.12109462972837678,68.5081093568043,1,0
0.2681707051131446,0.08417433653931046,0.8099574511350358,138.0526164020658,0,0
0.1331972340939127,0.43722711473977127,0.4105618153180549,152.94066564035327,1,0
-0.05,0.09410779357588527,0.8153731407941429,100.7904994073279,1,0
-0.05,0.3982612864989766,0.5714274175294732,46.17585364975993,1,0
0.05955875412777692,0.07765506645751091,0.8663865450634061,361.24426158528166,0,1
0.42042387455209074,0.12821245493162958,0.8872640384524326,38.18159336971097,1,0
0.07327355675455113,0.21425064305656616,0.1077334540886596,255.155355239577,0,0
-0.05,0.18980885239554654,0.16410034959387004,162.56186333357473,0,0
0.07576624846453002,0.449549690409468,0.31280492013522715,250.70221567962795,2,1
0.0709097574454193,0.23408313613509113,0.6689181039089764,63.083129070601466,0,0
-0.05,0.10047468691113758,0.8550313670347801,80.30859421211701,0,0
0.1102269240267938,0.1752910699720822,0.4909506585998683,94.06951646648318,2,1
0.07843178456243796,0.31120624590899987,0.6159271488331256,61.490444669827006,0,0
0.2453171456664153,0.30725814341699853,0.260224874876227,107.79235771672906,1,0
0.4528120970901621,0.31622983906163077,0.7842218087994325,318.3882547229752,0,1
0.3227817053185963,0.4493230296578294,0.9222288946504492,31.89766859314626,0,1
0.07160003570013049,0.4992607592612914,0.32830909297740785,53.209163801994364,0,0
-0.05,0.37973287476095796,0.5206020588604644,48.78406609207603,0,1
0.5832047645849748,0.25879512048478875,0.17319869393041773,83.46817239665654,0,1
0.1306593181226079,0.21720650202910807,0.5752661579935231,80.76784955667269,1,0
0.12250727254433032,0.6337271424536701,0.5273659255696784,166.97626349473126,1,1
0.1156574843201994,0.3024225452045582,0.22277101153181594,92.47871244812029,2,1
0.1556552569382139,0.35324383153672906,0.4757562811503637,114.69846271374337,0,0
0.09401512585369035,0.19600880118123296,0.3839889542735788,123.81127574196505,1,0
0.016740838761557464,0.19460414633823603,0.5435562440094109,109.54366632233283,1,0
0.021565390576729418,0.12016596269169015,0.5978061851144792,158.0087559925883,2,0
0.11410441136112029,0.2881738348704263,0.10722124181612809,81.62546581048878,0,0
0.022183541195922307,0.19451076843381124,0.746855085507122,335.9944751627456,1,1
-0.008312240881889588,0.22190174670034968,0.7060621480824797,687.6609267176266,2,0
0.13915744098454141,0.49244241405815076,0.4113434282755438,158.3780315121847,0,0
0.07410410086424604,0.08506599782258312,0.14499554523349553,108.02826771377052,2,0
0.39071873794488393,0.17078468035505964,0.7416926588172927,148.363574752402,0,1
-0.05,0.3275299415979275,0.9118988864064126,37.306722238866776,1,0
0.3164712333460431,0.3146017534698956,0.30412885661871203,103.96812626771988,2,1
0.3442953346495732,0.5591300431761457,0.3749959216764822,50.146078424998926,1,0
-0.05,0.05690746574113332,0.2562409560595427,135.36590695967658,0,0
0.05831623306553722,0.5215862971395819,0.5903957048431138,50.345666786217215,0,0
0.05314064412075753,0.11091117446247269,0.2316151854503367,68.31832578648313,2,1
-0.05,0.22652284530795472,0.4027648519421725,20.13426873581473,0,1
-0.020007003766357556,0.08232379528839835,0.6924610618441235,35.212581511375824,0,0
-0.05,0.02033762111179792,0.5760985855579461,119.56964947117618,1,0
0.4354086798162521,0.515099224706211,0.428493179678745,44.921797171727505,0,1
0.288422110766543,0.1524295832997067,0.45721216153641064,210.82305653298,0,0
0.34887991709894856,0.401561690342304,0.5777942502297451,41.967215463619354,0,0
0.24990097152778232,0.1934741652155991,0.10498501870408711,129.3605673431274,0,0
-0.05,0.5676055160091945,0.16673338818556838,48.93532345871831,1,1
0.025586352069640744,0.207457529958512,0.8490693575985598,122.53244107499701,1,1
0.20808742102102523,0.24303279275432918,0.16619714072759717,26.368500548411276,1,0
-0.05,0.16867962259904035,0.7007830567789294,62.643105004810316,1,1
0.24833971743102984,0.11978721348434995,0.8820324394926946,45.74256989062422,2,1
0.07674142833153569,0.4281637369757693,0.33008106365647144,182.47005187599845,1,1
0.052532254641072446,0.2805328520070296,0.41491772150058714,130.2961545692076,0,0
0.24797279427662847,0.025530459181464824,0.5835831949680088,33.58028558763742,1,0
0.19996739606748715,0.5758838933798938,0.849452624192797,76.51259828236692,0,1
0.05502609015256561,0.24667491342653283,0.9006197491713571,48.52823171571182,1,0
0.32867936460556463,0.12659141193795395,0.7286287608945778,192.521099419388,1,1
-0.05,0.07690526282307505,0.17362679672648992,248.94184578499932,0,0
0.23086840924996746,0.13178659947560378,0.6687810322046231,28.40837178220595,2,1
0.22675822643430907,0.34235225040309447,0.4487581635917628,174.40189539478493,0,1
0.06428164092348174,0.4422870444385288,0.5000958495674024,46.58893863435692,1,1
0.17870394400358122,0.22902080143355766,0.14177613179340048,73.52802174728684,0,0
-0.05,0.8133424050014515,0.2624028184444045,92.37010462240836,2,1
0.2863248634572422,0.20792342426577648,0.7719365664036005,385.01601500737104,0,1
0.08671761544026196,0.26083444259376065,0.4858650080906808,40.322927121008355,0,1
0.025909856306572887,0.10952628416623476,0.3564129053864765,175.52821129634413,0,0
0.3088216606506401,0.25085125200039493,0.4264162128702145,35.26166771383714,0,0
-0.006781864297696671,0.46152626905013167,0.8262395863268281,33.36559009099562,0,0
-0.05,0.6224521206393593,0.7366491647942133,92.09040510498964,1,0
-0.05,0.3984798933684013,0.3314680876039203,91.59563271794552,0,0
0.22908179124221512,0.058734322284688646,0.1998765641805173,9.338497249373923,0,0
-0.05,0.09968586243360074,0.31419848839746095,227.61987700480466,0,0
0.4358629527571856,0.05874538677015844,0.8826429833965236,16.26000969642064,1,1
-0.05,0.14049481279644285,0.5943505121722921,80.09793320917191,1,1
0.42536214629220687,0.18135617969878268,0.5534581774330655,260.3670487123568,1,0
0.1579831440964713,0.12077322769540527,0.6069345597385922,527.0772769398691,1,1
0.10259163986332936,0.3803905055871858,0.411124025884538,67.32691679369876,0,1
0.021914564374389045,0.11550874706878707,0.7860409672715858,28.606693620197113,0,0
0.19184450058337277,0.3442408863859198,0.5447933119052123,252.7595345957436,0,1
0.11322575356352729,0.4240345061051237,0.19923571735347623,179.8503722817159,1,0
0.3185943387629738,0.22282399733200586,0.20970535610470353,60.87400086283511,2,1
0.14056097675916712,0.49661588793271977,0.5563302745272256,55.00422681341842,0,0
0.14705431706313796,0.3672419812866422,0.8960846853602132,50.70813082660464,0,0
0.05454980180150594,0.1766046090707247,0.3620993034247689,68.32876068403671,0,0
0.10974978773020785,0.25806347299908466,0.8391099935303356,115.91469282965002,0,0
0.17540431840057064,0.18946469672779903,0.7494812485920473,57.236301220472804,1,0
-0.05,0.41553989542792674,0.31064057647087084,63.32851993325033,0,0
-0.05,0.3736665773648109,0.1308896360688061,150.35861621809977,2,0
0.2537875369240887,0.31574326822413956,0.18657017537102533,27.49677395744969,0,0
0.15075577886302954,0.08399329541065491,0.7192198437703241,66.63642993830273,2,1
0.08688299945651776,0.17040026056912042,0.2697192773345497,23.552858301727095,1,0
0.12331810795177077,0.1477675605532415,0.41558028242958467,98.17287730452477,1,0
0.1825647069651008,0.039946971742571044,0.5264442911054611,19.076852202146863,1,0
0.022843257544314932,0.10329415178606531,0.7166479431826384,183.46209904751564,1,0
-0.02009485057241628,0.10515294927659564,0.19624653977025658,31.44657528839586,1,0
0.15525214591758268,0.22786647909438923,0.44541144448584225,21.80059248661553,1,1
-0.05,0.40368453719585895,0.5123119727712911,67.29657630915406,1,0
0.19348549602860493,0.18541250912330293,0.5597030043758087,353.8545076601136,2,1
-0.05,0.23563203212078124,0.7956065451859341,159.0079121190615,1,0
0.30524801471861585,0.23568719520267642,0.24592646578673438,19.33948219026192,1,0
0.20506754683434775,0.2556894500410284,0.7866567340526289,30.73800343341163,2,1
0.1660853521764976,0.27731658935159587,0.6889466635421543,65.5963268605813,0,1
0.2968843771101925,0.4929038584246122,0.5724901920691154,539.5214427017451,0,0
0.41978540000326375,0.22461636012846697,0.6945986898421861,42.471645204984554,0,1
0.30258661170326345,0.4978941595164927,0.45021507810890793,42.746691690754616,1,1
-0.05,0.2708167713466874,0.21763794807290587,305.49808479366055,1,0
-0.05,0.2447966527292512,0.6659004542255622,105.2065714081776,0,0
0.007532656014777803,0.7069398340941843,0.5459714606827789,209.0137463557472,1,0
0.12469638903795008,0.4405181037535751,0.6434685804613591,50.31586162528328,1,1
0.21317862368444213,0.04283204593560013,0.3872989638742165,82.98761018850888,0,0
-0.010633886367623802,0.3382887652701045,0.8708365907388604,257.88287004196326,1,1
0.1536180176058741,0.1093125928188253,0.5992643882892403,80.1682297502195,1,1
-0.015968927823598045,0.2790779756873904,0.17259211164724275,221.06185694238545,0,0
0.009926795461449311,0.12319567633573482,0.48233339209876436,122.70877196853837,1,0
-0.05,0.31085490028701984,0.7429026465320892,39.185106456386656,1,0
-0.04618198429996276,0.5807638662086987,0.7750143774724315,88.849704620667,0,0
-0.05,0.3520188680892029,0.5204074948491949,197.3753397308704,0,0
-0.05,0.21162448830095731,0.8605354352066059,153.78152909526898,2,0
0.3096555233894111,0.19060156650468274,0.32751817161515295,87.16454735927132,0,0
-0.05,0.5287406174504465,0.44900889265252664,19.818750585015422,0,0
0.5938287716707303,0.3441654266410305,0.8638073739836245,21.39606046952961,0,1
0.20879722215856006,0.509483025220101,0.861818209000842,25.364626053654913,1,1
0.1532705022650773,0.3888300984943921,0.6828558535009788,59.838318574708346,1,1
-0.03450440043261843,0.24862235523960224,0.8301334650538871,66.57344012243429,1,1
0.24605577829361844,0.32585022418213927,0.17545727691279778,27.65124845765994,0,0
0.016385191277200686,0.6161490898475421,0.8352457297766098,203.97761041572016,2,1
0.14196176663616505,0.2637367830498125,0.37252692056769277,32.75267827816863,0,1
0.580815216888383,0.18218694455348772,0.25158178556398386,30.070744823457204,0,1
0.10270921804956301,0.171892970512924,0.30346436089073936,96.60095266329924,0,0
0.3268691987314216,0.39670589681207996,0.455273231811804,196.1979494976984,0,0
-0.006571756522659733,0.2024517443898647,0.3135132039137971,465.8593180035061,2,0
0.11370207171054689,0.22863765281597825,0.3724824481140242,143.4571011193333,2,0
0.43874411441439176,0.46349070456281477,0.2147317131608958,318.57686331257133,0,1
0.007145929598201872,0.10118673151915425,0.35175025072514876,34.13607280305309,2,0
0.44624074043944717,0.2799184058289093,0.5864412423607009,506.63529653851424,1,1
0.24739534838198557,0.4914679824608622,0.47557565187740436,20.30388890866487,2,1
0.018755980339031822,0.31599410767455666,0.39471094705052445,60.15524256977383,0,0
0.23383339302999376,0.2817194221228608,0.7344843095285468,140.96646365404658,1,0
0.29505980093281137,0.3774191190742991,0.8594834756843202,24.92388018466988,0,1
0.23192579319909534,0.3231700330669986,0.7432708394670374,42.878045132377196,1,0
-0.05,0.2453787438648542,0.38220059680002727,37.76043935114387,0,0
-0.010884691648476358,0.05079942872190077,0.7327758426619206,70.23334471522033,1,0
0.07544664560072914,0.3893073782684028,0.22918315510294351,280.6943304703207,0,0
0.10660198276199166,0.09094489894008022,0.21077028987759727,91.23695770894892,0,0
0.23172097755912202,0.40660733444171865,0.3937829814807351,62.149877356795486,1,1
0.15198618016798568,0.04913317291823275,0.7865470136874484,8.9579419386633,2,0
-0.05,0.13406080555620095,0.3093960101559566,130.76530661193803,1,0
0.18843561318107338,0.3113574232014944,0.15376539756387764,169.35757822959624,2,1
0.22990543415108816,0.23475450753864355,0.21195310492540181,23.103501491327027,0,0
0.22076228062758715,0.20655144744303597,0.8299332232501431,85.32112782001293,1,1
0.3145405305998319,0.6816552682617121,0.6387157920351945,105.04686167546367,0,0
0.2701059878188027,0.4125868136483029,0.31522098886448013,194.74312955387757,0,0
0.20265241426111857,0.053121042959720026,0.5720014515289541,50.40978148870438,1,0
0.10737017193744353,0.49061904250908245,0.5484426790615479,44.68829949682201,1,1
-0.05,0.4547962996448925,0.657120581674562,62.47722942918362,1,0
0.19733127944386544,0.36081494259459335,0.2982094212583739,251.5268245799828,1,1
0.15738378368936,0.18806662822322226,0.834742539115238,207.48859073265956,1,0
0.16888419069516722,0.396148132078496,0.36296327776801096,88.4930270276813,0,1
-0.05,0.2841761625924747,0.6900119058798013,203.5315890841501,0,0
-0.05,0.4365609916533659,0.11370594941638267,13.53186175237884,1,0
0.30956751359992263,0.14190926688076597,0.4167585604100251,169.57975800933696,0,0
0.11288007230580209,0.17512991611967793,0.39895334526498705,36.78120826391163,0,0
0.2426701255270724,0.10939522362794184,0.5619617642955623,370.0431407698547,0,0
0.125097307703483,0.15094659543979538,0.16182582251061703,38.42100174206105,1,0
0.12535610510923412,0.19977115884535762,0.771611667667192,45.503546492664476,0,1
0.28889108507567957,0.32373719499724907,0.2851136815024332,141.16635026748108,1,0
0.027111948920872694,0.15229284112134703,0.6754821426497086,152.4998035461744,1,0
0.137301739849377,0.27150653100697675,0.7827303047574792,62.987376732294095,0,1
0.03679044803309235,0.48509930163334536,0.5775954128052861,121.16136201318209,1,0
0.041790679062183186,0.35969416552293865,0.7297507257136876,133.7943409909629,1,0
0.06434901777564492,0.19668016242726186,0.6625812653827546,123.28413412044152,1,1
0.1599840788940683,0.015531497830961472,0.40220032757920643,65.1280978015931,1,0
0.03382524810057408,0.2799801593212404,0.7875297581785304,134.85077804397187,0,1
0.3460361026032337,0.18606212320601692,0.3504961644026988,277.29899378867816,1,1
-0.04102931439951071,0.11690970530073955,0.5855309800887896,33.77122865017179,0,0
0.08636310405095537,0.28672806899006137,0.7335880782703086,45.968297383105956,2,0
0.04084840951064851,0.4524646695830735,0.42211252334063143,92.00146546489844,1,1
0.3804560191836719,0.17178147128900662,0.35735246647481134,38.66832414991344,1,1
0.15537985977208343,0.4198229253993504,0.49044410864689936,21.2695614895669,0,1
0.30573201710435427,0.23346542109232404,0.7952689701967806,215.83157986728568,0,1
-0.05,0.3430824449809528,0.890433498673815,15.134386208061331,0,0
0.1680690478564666,0.4799059691988199,0.5633209009309066,65.24137424469004,0,1
0.28013354321221867,0.015933791449791294,0.6622462745251041,165.1997678479169,0,0
0.13481111806957635,0.35244812387156554,0.867782578903077,111.42590396895699,1,0
0.3117864675117632,0.6577252418827442,0.18376482370100106,66.03603033372387,0,1
0.026888078981933003,0.5379363637806488,0.2972667911862403,37.41412619184761,2,1
0.3736825392334044,0.12275555219550162,0.702565005313845,118.52148480569564,0,1
0.533801662251465,0.3162967511292953,0.8001827926254547,40.82458401047353,2,1
0.05468905912086136,0.7182985797189214,0.8284746740809912,111.3575359053545,2,0
0.03980954614786107,0.2096374939492888,0.45284110032669267,100.75926114004713,1,1
0.38160920588118613,0.47984139810788023,0.17593891694808683,101.57793407386575,1,1
0.40432298623152824,0.30096354758337374,0.4721142557046769,53.93313252373719,0,1
0.025885195112411705,0.21998463055148423,0.29612440167599574,458.5215480674764,1,0
0.04436637292274569,0.47774106931540994,0.34751698674713055,119.88887919879606,0,0
0.0692787704051087,0.4771332841901341,0.7564274233118798,72.02641023836297,0,1
-0.05,0.13018424985566324,0.16419802312200382,111.20957213354792,1,0
-0.045357350367155685,0.5303993887030928,0.8034440348585967,48.44507513939582,0,0
-0.05,0.0053680844501438315,0.46351872295054375,66.08596544333946,1,0
-0.018203561718743128,0.2142283776069361,0.6066543414355058,610.0469648100893,0,1
0.11375672027037938,0.29078800334020394,0.17620439655032716,48.72027923677681,0,1
0.16215865185657374,0.21064687555536693,0.3867552166036877,84.5871056734597,0,0
0.39909008870653384,0.2798311894927176,0.1762457811626189,62.496847795608296,0,1
-0.05,0.18351478160566112,0.917312164448943,39.18495396687416,0,1
0.29717803172578505,0.26322314115715506,0.7861724019273129,126.07386838273966,0,0
0.08148200803940839,0.42006642843461356,0.49068784120299114,92.68232089930144,0,1
0.11109653226256207,0.27754244114871157,0.2900621660751205,186.57286264309087,1,0
0.24146750858998867,0.6236265478175447,0.8934368394623743,172.16655241215622,0,1
-0.05,0.2746747326009883,0.39290710636792603,185.0389188718771,1,1
0.1888337543131291,0.23117562051690402,0.23683676693426853,43.182585550399494,0,0
0.14996139747835008,0.7501009462025124,0.5786897301858617,150.32034336994457,2,1
0.20864122752146683,0.48770314027533535,0.9022080022930936,153.2724727281147,0,0
0.17205035590340725,0.38579893959303424,0.1032557469252742,39.771461264732096,0,0
0.561954025183961,0.06754745429414084,0.3024061167658989,69.7632248433719,1,0
0.00520680283476313,0.5795435339820293,0.8976804943488464,28.081481081009223,0,0
0.024420548099672826,0.4220781732681007,0.24542307182858775,153.80692866652979,1,0
0.00783470524354242,0.1076063974617847,0.19625693389384688,153.24193937522327,0,0
0.02001411855115416,0.3737010222714219,0.5846591334298338,282.6728549213754,2,1
0.005270317084826809,0.13742430887514978,0.8325672498006054,74.9604914257549,0,1
0.33402297559935934,0.5327875402080797,0.5055433450398372,129.17598109789913,0,1
0.37569076463817386,0.5502437465751491,0.945379618181846,198.38073351188206,1,1
0.017265667125094267,0.45279732056725525,0.6772959446072939,49.248887432320586,0,0
-0.02982400315876116,0.18582648585372022,0.16296367112888058,43.607444750888746,1,0
0.20485480014955273,0.43911412045465,0.943907311929679,50.48578639495503,0,1
0.020599852029425172,0.08755286918647076,0.4467101012631619,68.0718404999054,1,1
0.23392772719599192,0.30255530983062434,0.3442921537686602,44.86044799173785,0,0
0.15652614375323393,0.22692574261383391,0.5741973060412028,52.255117677585375,1,0
-0.05,0.22079468487527212,0.35866145304773467,182.1320794658733,1,0
0.39855093623941107,0.0932182061227306,0.17348888105212948,83.33950569611284,0,0
0.4432579811571939,0.29187932762260266,0.10121409161730022,115.04906607922292,0,1
0.009698035712810485,0.12935005514766454,0.482145849982223,57.94107637087637,0,0
0.050213719211522845,0.19306595004172766,0.8113339088926034,54.976600907035575,2,0
0.17145577033048287,0.3841686148129106,0.586467907785565,113.11949203397687,0,1
0.1802022221976645,0.2900182703688738,0.9493262041019247,99.56889955871294,0,0
0.23853796908110947,0.19685360478657662,0.34381964880011995,167.73566919197705,0,0
0.4818368169779429,0.1316670998839262,0.338386805046047,255.00276759243457,0,1
0.08814949905107111,0.34576405728229137,0.23578704119885258,51.7730755226313,1,0
-0.023693504016921663,0.35987407068966043,0.2394540500255349,179.27978499291524,2,1
-0.05,0.16974687545557585,0.34240860660854067,37.94565732653355,1,0
-0.011567407189545437,0.20723311870103758,0.7739140384824981,472.9657360571717,1,0
0.11403714488271652,0.2979050442506653,0.8698932720409807,47.98827726762642,1,0
0.44302041543320175,0.12899233875418872,0.928824094251529,156.41370557185743,0,1
0.026829966173489136,0.3257121702747576,0.29744620598198473,37.720651476761375,0,0
0.16028183129500173,0.11183973069886616,0.8491029137719779,79.70459924402451,1,0
0.11704387870690462,0.14440003664758458,0.3790168258857365,310.00440706684833,2,1
0.3339107892206551,0.007274704741306602,0.19591446283935177,46.797822703466124,2,1
0.5748478366572518,0.13863910240454763,0.8395211866921407,524.9741032903365,0,0
0.02444362087434228,0.0468492653975621,0.6406897894470758,89.63801659172968,0,0
0.03190090034672001,0.20079260746707878,0.24002126166890247,196.48184405742035,0,0
0.3079489578724329,0.17154965153338303,0.46535656888605215,124.25745445650688,2,1
0.24274046813273603,0.05177184339479075,0.34416904064550746,129.75292335636675,2,0
0.452407318632486,0.27036668637481137,0.7262753834036674,28.763551890436652,1,1
0.2251070733586735,0.5279243840181365,0.4854037960306279,61.66507748826376,0,0
0.05532742365832928,0.6678969467219104,0.9408879533404272,234.34190232054226,1,1
0.22631786952461566,0.06144969359913295,0.14653323492065584,68.34326617627895,0,0
0.3195666445049234,0.3090567782564249,0.4017629762158097,100.59128927310923,0,0
0.2676867926155255,0.3527065663574891,0.5096151420434808,26.103314466110344,1,1
0.2113093255993136,0.40359326057619216,0.5276635215360718,58.55335835777699,0,0
0.3120014441260477,0.21443261539524658,0.3685454490277913,221.0593987667731,0,1
0.3304732062802211,0.34084369794317704,0.7198542117329327,32.26220607104893,2,1
0.36878861838675486,0.41236108761951057,0.8435350124656285,159.75848875572984,1,1
0.23676777976613567,0.5724359543433041,0.8979114066811835,103.77473194214133,0,0
0.08991874554296622,0.2929788735913856,0.7843293702795973,74.53252528969489,1,0
0.1464084635579981,0.03928016313148428,0.8229931677106095,71.9563990001451,0,0
0.3371716139715042,0.22325775316575855,0.5679635055269961,60.774861514318125,1,1
-0.027048420777702503,0.3399068359357701,0.8020049924627923,65.26286701238595,1,1
0.18636119559712222,0.18368118718776022,0.35797832277575936,189.3869316798301,1,0
0.04919901378107508,0.3885662769655529,0.43870694779283226,63.71149162629343,1,0
0.12517406812826715,0.08462733526759525,0.36937606174576265,382.2490110993809,0,0
0.35012133526931377,0.6434052833138456,0.4972792351307366,114.39141156952567,0,1
0.1543978322435826,0.17970506049704416,0.3427426738028409,56.769003104546776,0,1
0.1283585786681068,0.0990454947431122,0.9173697259162797,196.11334089874944,0,1
-0.05,0.1320147770620504,0.36591793380481796,148.28213171510498,1,0
0.2543256418848997,0.4865241768823066,0.18333785739429886,23.96654376013874,0,0
0.23618715260539358,0.14214708714319613,0.5477945911428513,39.34712517523195,0,1
0.5093858501949828,0.3203225821877145,0.14853421667839992,82.07748655317339,0,1
0.06459991770845985,0.5834896095027,0.19396169136229346,25.358491705467493,2,1
0.159447058979509,0.12776866366844378,0.28648098081680934,479.34659761179637,0,0
0.16488906306793594,0.5111639862554721,0.4946977123998204,173.7792378408948,1,1
0.4039415903574254,0.40875435210312244,0.46826329246267373,89.0620860302559,0,1
0.10284680417034861,0.04062935717394039,0.7797380827023724,68.4316034804676,0,0
0.17022387463866107,0.43840097094062275,0.7285534558014963,55.71609570273195,0,0
0.22942137174897703,0.44352682389611603,0.46237054989209614,18.704689608497613,1,1
0.15358964216814447,0.035930195465749236,0.3836485764392854,22.50418020141012,1,1
0.039641949380904914,0.25996915860043185,0.36899846645227374,411.94777640391305,2,0
0.15493619872169537,0.2884957018176471,0.7578958241999076,316.99300626743565,0,1
0.31325371497475896,0.20906870283677964,0.14426154528807927,56.790996228653285,0,1
-0.05,0.18510293303371547,0.11089840208401495,186.12143275160136,2,0
0.14393454134643768,0.07187748488844417,0.7762127331376508,134.98134989885546,0,1
-0.006021746689051172,0.34772456456415163,0.5055744195906919,148.32864189429785,1,0
0.3351083932064716,0.009063576455491072,0.2112489677705396,28.785097013433283,1,0
-0.05,0.2707572855994038,0.3002310444053261,21.188480513133214,0,0
0.019394067491114095,0.2061700110820898,0.8926283601327751,231.84649362413026,1,0
0.18789813751161374,0.23538928965900957,0.8305775292811632,18.477640094970656,0,1
0.4017943252621813,0.37027859563450843,0.7033172926903766,79.95349609917874,0,1
0.10816495300686219,0.20744051778707873,0.5098914457867276,67.07679379153241,0,1
0.02006408519522429,0.33200075489313624,0.5422750822626778,62.29487945356338,1,1
0.4586082724993062,0.24355644163812606,0.9289578549913647,115.76481288100456,0,1
-0.05,0.18292874408417037,0.920904877301644,52.348645139889996,1,0
-0.05,0.26544838867192205,0.28297868891795913,123.54288836243178,2,0
0.19920260100959983,0.3712972710645472,0.7894388813595203,100.7784287009303,1,1
0.029630239616529996,0.3393430997282359,0.26765626624196426,482.50239439351816,1,1
-0.05,0.01610866484751807,0.2815068562013587,29.715609690508717,0,0
0.24750416051388358,0.3700401819965376,0.6746790790398902,92.14976990247715,0,1
0.16388412847881578,0.3093305217887315,0.44425093379941616,127.11295236685753,0,0
0.0184658464673889,0.034376929980175934,0.8918127460405422,73.32326520313043,1,0
-0.05,0.4080696401915166,0.1756582746616075,30.887139927206636,2,1
0.27704231909042604,0.28691050458305856,0.5347967946880691,246.0862845221956,2,0
0.23703621203255898,0.6273568756267822,0.880743300876653,117.86589134462453,2,1
0.10214834451971107,0.13000318586576287,0.8684966114075793,32.67082996071666,2,0
0.45239465928857986,0.36834962922318115,0.23304983140338004,127.85980241912104,0,1
-0.05,0.20681781732201704,0.411642045081988,351.16382625468424,1,0
-0.05,0.5017603426553671,0.6262531900396918,87.43951115921332,2,0
-0.004543452578623999,0.25704534872496765,0.23548565205569186,89.85792971967774,0,0
0.11179451705601039,0.6041340990775811,0.9228188462388779,315.57741516648434,2,1
0.16380110087808453,0.07846811578243269,0.8775369294185112,41.41705757103751,0,1
0.07657750958586063,0.29559458383927883,0.2419076521792988,358.5405034872665,1,1
0.1833699713725734,0.36847770164693944,0.20298214207183762,196.0419871211566,1,1
-0.05,0.39310715634519816,0.17259721038702552,42.97526977843231,2,0
0.3798776287331867,0.529186384271065,0.8730271144311365,52.74056005955885,0,1
0.1052127878893376,0.30996582592299404,0.26458023832614164,59.15432654477653,1,1
0.32111324968586297,0.0567761306426929,0.4538421892627015,20.76250319474511,1,1
0.18169056234798675,0.15550031250253407,0.4815236608042025,110.8721127003591,0,0
0.2022155794476811,0.0949941831727461,0.6091593875815324,44.560258528186566,1,0
0.22255811044179669,0.6594625321905624,0.16097504218531122,114.11891937998321,1,1
0.2005875408031167,0.23492957049674604,0.29274482479043856,32.04834037773037,1,0
0.23569009677615788,0.2024783509487901,0.891766828881087,188.37046635223098,0,0
0.3592474554238376,0.34119850118462985,0.872148591178284,162.40622269881112,0,0
0.15537381054626462,0.3712930873250693,0.7640970502948383,51.177336560779004,1,1
0.2476206763659322,0.2579043518687058,0.11649105877548313,120.02731313072898,0,1
0.1038475750282992,0.32843642335088175,0.37795575322168684,96.1910624516527,0,0
0.3792210987809051,0.4197319573933808,0.6337649250414716,294.6651388100514,2,1
-0.001750614370668549,0.13084133584036514,0.3339116800074543,39.409891010896764,1,0
0.4441692779239468,0.32750574850149805,0.8731486907957107,79.69139536778187,1,1
0.11277156888401818,0.3090666018759184,0.6388060425575756,53.91739163077475,0,1
-0.05,0.4432956418443808,0.16112070971897877,93.30321422420826,0,0
0.14305879468394206,0.45195397183953334,0.8726547505103476,137.9124249949903,0,1
-0.0025892983454785523,0.17662501625710236,0.9141016594497892,53.43970973141595,0,0
0.27131583881797033,0.06628959192412616,0.16605555563296667,67.27004378276881,1,0
0.002527683725569635,0.2660565893616861,0.5525061996321177,194.96745329344355,1,1
0.03968698202133965,0.350135842218205,0.35785963988204483,266.6294134133995,0,0
-0.05,0.5160959312188699,0.433913215009192,133.5949990527843,0,0
0.03858486253516619,0.1097055673936324,0.2527035352620406,80.61054893258917,0,0
-0.05,0.06263991629038376,0.5913612867105507,74.70316518310929,0,1
-0.05,0.13255741096760387,0.914282450261557,139.56089969922436,0,0
0.25687463810597355,0.05832776626883096,0.5276117102308677,108.00889675839093,2,1
0.26144402855714977,0.32540251244543544,0.170477394185309,24.06646384463594,1,0
0.19658236112129365,0.28860452011995313,0.6270011334557971,142.2958279319596,1,0
-0.05,0.35318268862041563,0.3891895452835685,45.22021260740016,0,0
0.11141195589444362,0.13398942398866828,0.8275364111526031,28.975506603145096,2,0
0.11935154296369768,0.4067854267970843,0.46947642606899964,23.696422550545055,1,1
-0.05,0.15629445451515767,0.26391366760090873,75.72561686896738,1,0
0.3906116943180871,0.29695838258246554,0.2624397792874732,39.916130295291254,0,1
0.2779252123036208,0.6434014985611503,0.7534495536129863,13.997948066694574,2,1
0.08022644871066048,0.14212150321881287,0.3257494585612559,67.57483122273106,1,0
0.12483945101901553,0.16699735743790217,0.7521483850353395,60.79717548725603,2,1
0.15750890543055945,0.12969655149386994,0.27500421415160947,79.84434950387511,0,0
-0.05,0.1782872715496214,0.373433413396113,54.42815835509386,0,0
0.07550807114629254,0.1707652951825317,0.4956639265737445,388.9550292217622,0,1
-0.0027571646396037375,0.18526477559652793,0.9017164722394331,136.16533361717958,0,0
-0.05,0.21893111788688133,0.8919717110407509,60.35895621580834,2,1
0.06940194728052812,0.3382750971926416,0.27584109410894464,85.54978866643032,0,0
0.44358357483291405,0.4604493989406266,0.4044861850566118,279.1401914665966,0,0
0.23535171502806176,0.30110227435041076,0.22698948018570647,193.5040126353454,0,1
0.01718778183909657,0.24097964885512327,0.5334873174164726,29.45991566985403,0,0
0.22306490064410855,0.041859411542165034,0.49149516809046656,41.287820417915405,0,0
